video_id,title,channel_title,publish_time,category_id,views,likes,comments,crawl_date,title_length,like_ratio,comment_ratio,publish_hour,predicted_engagement
b4iVv91Z6lY,BTS (방탄소년단) ‘SWIM’ Official MV,HYBE LABELS,2026-03-20 03:58:06+00:00,10,76246552,5911004,1001026,2026-03-29,30,0.07752486958361081,0.013128803516256053,3,0.09065001811733332
flsUNjcLnE4,SPIDER-MAN: BRAND NEW DAY: 28 CHI TIẾT ẨN trong TRAILER ĐẦU TIÊN,Phê Phim,2026-03-25 11:44:18+00:00,1,186550,3219,403,2026-03-29,64,0.01725542749932994,0.0021602787456445993,11,0.01944570938818257
D6rthYq9sy0,Hiha Bị RORY RED CAPE Ép Yêu LILY LOVE RAIDS trong Minecraft 😱🤯,Oops Hiha,2026-03-27 12:00:06+00:00,20,794062,6257,371,2026-03-29,63,0.007879737350483968,0.0004672179250486738,12,0.008336989624604106
FZZBvg_D-Z0,Dạo Bước HongKong 1999,NHONHO - Topic,2026-03-23 06:45:53+00:00,10,367263,1169,0,2026-03-29,22,0.0031830050944418576,0.0,6,0.0031807279445167625
lGRmLHFNYVU,Nếu Tô Gà 1006 Có Cuộc Sống Trong Minecraft!,Toga TV,2026-03-28 10:45:00+00:00,20,504360,2640,99,2026-03-29,44,0.005234356412086605,0.0001962883654532477,10,0.005433436570814652
RBaSiVjtKR4,Body to Body,BTS - Topic,2026-03-20 04:00:34+00:00,10,26625433,1314466,59586,2026-03-29,12,0.04936881214288609,0.0022379354356415536,4,0.05163820288050418
Lsz2WXpQkfc,BI HUỲNH HÀNH TRÌNH TỪ CỐT VƯƠNG TRỞ THÀNH NGƯỜI MẬP NHẤT THẾ GIỚI ROBLOX,Bi Huỳnh Roblox,2026-03-27 10:34:41+00:00,20,769662,6410,584,2026-03-29,73,0.00832833113756428,0.0007587746309418939,10,0.009094218828779026
8sVtL0o-v7U,HIEUTHUHAI - Người Im Lặng Gặp Người Hay Nói (prod. by Kewtiie) l Official Music Video,HIEUTHUHAI,2026-03-09 13:00:07+00:00,10,10165354,142640,16299,2026-03-29,86,0.014031975669514312,0.0016033873488321213,13,0.01563658407811696
LzI4AgFbTWU,"🔴 NGÀY 2 - CKTG: VƯƠNG MIỆN CHIẾN THUẬT | RRQ YBY1, RRQ MIDFEED, GD ROYAL | ĐTCL MÙA 16",Đấu Trường Chân Lý,2026-03-28 18:27:40+00:00,20,583525,3668,10,2026-03-29,87,0.006285934621481513,1.7137226339916883e-05,18,0.0062890467635824876
pm1ufuymxyI,GIÓ VỀ MIỀN XUÔI - BOLERO CÔNG TUẤN ➤ LK Nhạc Lính Xưa Bất Hủ 1975 CỰC ÊM TAI DỄ NGỦ,Radio Nhạc Lính,2026-03-25 23:16:32+00:00,22,291839,4265,46,2026-03-29,84,0.014614222225268042,0.0001576211541295029,23,0.01483611338572089
0bEBLZCMJNE,Restream hôm qua...........,TUI TÊN BÔ,2026-03-28 17:00:37+00:00,19,517222,8394,50,2026-03-29,27,0.01622900804683482,9.667028858014546e-05,17,0.016342038038402052
e-LQ--ClzT8,Nhạc Trẻ Ballad Hot Nhất 2026 | Top 15 Ca Khúc Về Nỗi Đau Tình Yêu Hot Trend | 50 Năm Về Sau,Em Gái Thích Ballad,2026-03-27 00:00:03+00:00,10,277776,15935,53,2026-03-29,92,0.05736636714474973,0.00019080122112781521,0,0.05755988941219035
s5G-LADTQBk,"🏆[PGS 2] Chung Kết - Ngày 1: 🇻🇳 TE, 🇻🇳 AL, 🇻🇳 FCE, 🇨🇳 PERO, 🇺🇦 NAVI, 🇹🇭 FS, 🇰🇷 DNS, 🇺🇸 FLC, 🇨🇳 17...",PUBG: BATTLEGROUNDS VIETNAM,2026-03-28 14:57:42+00:00,20,482180,3307,22,2026-03-29,100,0.006858434609481936,4.56261147289394e-05,14,0.006874411685885043
bm5mFcp0nzM,50 NĂM VỀ SAU - Nguyện Cầu Đến 50 Năm Về Sau..| BXH HITS CA SĨ GIẤU MẶT Hay Nhất 2026,meChill Music,2026-03-25 10:30:14+00:00,10,365846,1014,66,2026-03-29,85,0.0027716580200412193,0.00018040377645238707,10,0.0029562463303183014
Qg167DUFytE,COSTREAM CHUNG KẾT THẾ GIỚI TFT MÙA 16 – NGÀY 2,Em Chè ĐTCL,2026-03-28 18:11:30+00:00,20,387330,3165,0,2026-03-29,47,0.008171326775617691,0.0,18,0.00817543633718247
h79ocTeQ21g,NHẠC REMIX TIKTOK TRIỆU VIEW - BXH Nhạc Trẻ Remix Hay Nhất Hiện Nay🎼Top 20 Nhạc TikTok Hay 2026,H2O Remix,2026-03-26 00:00:50+00:00,10,421960,1971,82,2026-03-29,95,0.00467105886813916,0.00019433121622902644,0,0.004868466825474394
i4bhxRBLR7o,Mỗi giây +1 tốc độ mua 0.01% RỒNG THẦN đua bay xa nhất Speed Dragon Escape cùng bqThanh & Ốc,bqThanh,2026-03-27 10:00:52+00:00,20,414651,5207,63,2026-03-29,92,0.012557548396121075,0.000151935000759675,10,0.012676834585036758
q96a4WBoTgw,"Hoa Và Váy + 50 Năm Về Sau | Sáng tác: Rhyder, Coolkid, Hải Lai A Mộc | Chuyển ngữ: Đặng Thanh Tuyền",Quốc Thiên Official,2026-03-23 05:27:48+00:00,10,495512,3069,305,2026-03-29,100,0.006193593697024492,0.0006155249519688727,5,0.006803688131392503
6ZdY4D5TyUk,Em Bé Yummie 1 Ngày Sống Chung GIA ĐÌNH LILY LOVE BRAIDS Trong Minecraft 🤣😍,YUMMIE TV,2026-03-27 10:30:07+00:00,20,308378,4445,175,2026-03-29,75,0.01441412811549462,0.000567485358877741,10,0.01496332944766003
VEptnVyCHQs,"MASON NGUYEN - VI VU [feat. CONGB, WOKEUP] | OFFICIAL MUSIC VIDEO",Mason Nguyễn,2026-03-22 12:30:06+00:00,10,633647,37440,7406,2026-03-29,65,0.059086526094181774,0.011687895626429226,12,0.07076235025092935
RwR84I15-YE,Mình Chơi Thử Những Bản Mod BỊ CẤM Trong Minecraft...,EnderDragonVN,2026-03-23 10:30:00+00:00,20,1165919,21083,1067,2026-03-29,53,0.018082731304661818,0.0009151579140574945,10,0.01901075480507239
SIxXaXF09oI,hóa ra... - GREY D | from ‘ÁNH SÁNG • MÀN ĐÊM’ album,ST.319 Entertainment,2026-03-26 14:15:16+00:00,10,289869,13106,680,2026-03-29,52,0.0452135274900041,0.0023458872801161903,14,0.04753970547051216
WsFegEfh_2o,BI HUỲNH HÀNH TRÌNH 24H MỞ KHÓA CID V2 VÀ MADARA SUSANOO TRONG SAILOR PIECE,Bi Huỳnh Gaming,2026-03-26 10:50:58+00:00,20,616328,7935,761,2026-03-29,75,0.012874638179670566,0.0012347321556054568,10,0.014113885518895912
aMDZQ2hRUvc,NHẠC CHẾ- XĂNG ƠI ĐỪNG TĂNG NỮA- LEE HT ( XĂNG TĂNG NHANH NHƯ VÀNG NGƯỜI DÂN ĐANG ĐIÊU ĐỨNG..) .,Lee HT TopHits,2026-03-16 05:00:00+00:00,22,1857212,4030,187,2026-03-29,96,0.00216991921223856,0.00010068855897980413,5,0.0022748147580399863
GjIWZ-SIl4Y,🔴 TRỰC TIẾP: BOX GAMING vs SAIGON PHANTOM | GIAI ĐOẠN 1 - LƯỢT VỀ | ĐTDV MÙA XUÂN 2026,Garena Liên Quân Mobile,2026-03-28 16:23:12+00:00,20,411556,2058,30,2026-03-29,86,0.005000534556658146,7.289408974720329e-05,16,0.00505204901572134
dX7Le3gO3Rg,RU NỬA VẦNG TRĂNG - GIỌNG CA DỊU DÀNG NGHE RẤT CUỐN ► Trúc Linh Bolero (Official MV 4K),Trúc Linh Bolero,2026-03-23 07:30:30+00:00,10,265203,874,30,2026-03-29,87,0.0032955886622700347,0.00011312089229759844,7,0.003417561836959932
yBU71I81qaE,THNE PHÁT HIỆN CÁCH MỞ KHÓA ĐẠI SƯ HUYNH 11 CHIÊU THỨC MỚI VÀ CẦN CÂU TRONG CÂU CÁ VẠN CÂN,THNE Roblox,2026-03-27 22:45:02+00:00,20,320204,3901,1427,2026-03-29,90,0.012182858427752307,0.004456533959600754,22,0.016587058299224595
i8LXuFryz-s,"LK BOLERO Trữ Tình MỚI, CỰC VIP 2026 - Nhạc Vàng Xưa Tuyển Chọn Vừa Ra Lò CỰC ÊM TAI Thư Giãn Êm Dịu",Bolero Phố Cũ,2026-03-25 22:31:18+00:00,10,233518,4640,12,2026-03-29,100,0.019869988609015152,5.138790157503918e-05,22,0.019948651795640437
wguojVn2PIc,BI HUỲNH TRỞ LẠI FC MOBILE DÙNG 14K FV MỞ KHÓA TẤT CẢ CẦU THỦ NÂNG OVR 123,Bi Huỳnh Chơi Game,2026-03-22 09:01:19+00:00,20,930539,9130,876,2026-03-29,74,0.009811517840735315,0.000941389882637912,9,0.010762712081729022
GUMTjeZxEyc,NHẠC REMIX TIKTOK TRIỆU VIEW - BXH Nhạc Trẻ Remix Hay Nhất Hiện Nay - Top 20 Nhạc TikTok Hay 2026,Ness Remix,2026-03-28 00:00:00+00:00,10,189300,1656,84,2026-03-29,97,0.008748019017432647,0.0004437400950871632,0,0.009188038471389891
CQPdUs4Wzvs,Tai Ương 2 ( The Scourge ) | TRÙM CUỐI ĐÃ LỘ DIỆN HÉ LỘ SỰ THẬT CUỐI CÙNG !! ( ALL ENDING ),Hat Snow Player,2026-03-28 17:02:50+00:00,20,207654,7913,172,2026-03-29,91,0.038106658191029305,0.0008283009236518439,17,0.038964055305346426
fMKMDI1OsGo,Hạt Mưa Vương Vấn Remix (Bản Hot TikTok) - Hạt Mưa Vương Vấn Em Giờ Này Đang Nơi Đâu Remix,Air Remix,2026-03-22 11:03:01+00:00,10,405094,1827,62,2026-03-29,90,0.004510064330747925,0.00015305089682888417,11,0.004648610100526926
g6ebeMbFJEU,[ROBLOX] JayGray Thay Đồ Trùm Cuối PROTOTYPE 1006 Siêu Hài💄🤡Búp Bê Thay Đồ Poppy Playtime Chapter 5,JayGrayVN,2026-03-25 13:11:11+00:00,20,365342,5273,217,2026-03-29,99,0.014433051770669674,0.0005939640118026397,13,0.015020962834720304
7wj48rt2iSM,50 Năm Về Sau (Remix Trung Việt) - Thiên Tài | Nửa Đời Còn Lại Dành Cho Em Remix,Meme Media,2026-03-21 01:55:26+00:00,22,289169,7203,12,2026-03-29,80,0.02490930908914856,4.149822422182184e-05,1,0.02489957294258089
SxsmQfnB_0U,[ROBLOX] JayGray Giải Cứu SCP Ăn Thịt Khỏi Sóng Thần🥩🤤Thử Thách Obby Cứu SCP Nổi Tiếng Kiếm Tiền,JayGray Roblox,2026-03-27 12:19:49+00:00,20,199325,4536,188,2026-03-29,96,0.022756804214223002,0.0009431832434466324,12,0.023687425958669794
r0uH9lOqPZI,BÊN ẤY EM CÓ AI RỒI || CHÂU KHẢI PHONG x LÊ GIA QUÂN || OFFICIAL MUSIC VIDEO,Châu Khải Phong,2026-03-18 13:00:06+00:00,10,816448,8300,767,2026-03-29,76,0.010165987301089597,0.0009394352120404484,13,0.011112441962319823
ixFODjstDoQ,HUYNH ĐỆ TƯƠNG TÀN: CENA vs GIA MINH | NGƯỜI XUỐNG TRÌNH HAY KẺ PHẢN BỘI?,Jeeker Chơi Game,2026-03-26 15:15:17+00:00,20,378923,9047,181,2026-03-29,73,0.023875563109127713,0.00047766960569825534,15,0.024366261458493917
E64bsWgs8_w,"KTS2026 (Prod by Hổ) - Hành Or ft Rocky CDE, FREAKY [Official Music Video]",Hành Or,2026-03-20 13:00:06+00:00,10,562312,11536,1465,2026-03-29,74,0.020515301113972314,0.0026053151986797367,13,0.02312735849085046
9vDZGjkME2U,Xem giải CKTG TFT Mùa 16 - Ngày 2,Levi,2026-03-28 18:02:26+00:00,20,221270,1923,0,2026-03-29,33,0.008690739820129254,0.0,18,0.008700844505538199
HFFaznLry5Q,Khó Gần Dễ Xa - Thanh Hưng (Official MV) | Đây Là Lần Cuối Anh Để Nước Mắt Rơi Thế Này...,Thanh Hưng Official,2026-03-21 14:03:00+00:00,10,388472,6973,1930,2026-03-29,89,0.017949813628781484,0.004968183035070739,14,0.022956434962199873
BleAix5UZgg,"QUẪY HƠN CẢ C4 , NHÂN TÀI BÍ ẨN "" BVEBOY"" ĐÁ STREAMS ALTP FREE FIRE  2026 ƯỚC MƠ VÀO WAG ??",BÁC GẤU VLOG,2026-03-24 09:00:27+00:00,20,408787,4004,84,2026-03-29,91,0.009794832027437271,0.0002054859865895931,9,0.009978963343147627
w1kNjd9aW5s,PHÙNG KHÁNH LINH – GIẢ VỜ (LYRIC VIDEO),Phùng Khánh Linh,2026-03-18 11:00:06+00:00,10,652091,15876,1005,2026-03-29,39,0.024346295225666358,0.0015411959373768385,11,0.025877046037131667
zPhxAkjUaNE,LK BOLERO TUYỂN CHỌN - Phối Mới | Giọng Nam Cực Mê CÀNG NGHE CÀNG CUỐN | MƯA CHIỀU,Bolero Lãng Du,2026-03-25 11:00:06+00:00,22,231868,1159,153,2026-03-29,82,0.004998533648455155,0.0006598581951800162,11,0.005671869933884003
F5LZl9Y0gMg,MỘT ĐỜI YÊU ANH - ST: Trần Thiện Thanh  -  Em sẽ yêu anh trọn một đời...,PinPi Studio,2026-03-22 11:15:06+00:00,10,189161,505,42,2026-03-29,72,0.0026696834971267863,0.00022203308292935648,11,0.002891390336346208
fbWO2Xj0c-E,Cách Farm Trứng (CANDY EGG) Siêu Nhanh Đổi FULL Quà Trong Blox Fruits UPDATE EASTER Event | Roblox,Star Jinx Roblox,2026-03-28 17:43:15+00:00,20,189235,5116,2294,2026-03-29,98,0.027035167912912515,0.012122493196290328,17,0.039207438868006726
-O4xM_Y1ThM,KHO NHẠC BOLERO CỰC PHẨM VÍP 2026 ➤LK Rumba Nhạc Vàng Trữ Tình Hay Víp Nhất Mọi Thời Đại,Phú An Bolero,2026-03-25 22:39:41+00:00,10,152276,2056,40,2026-03-29,88,0.01350179936431217,0.0002626809214846726,22,0.01367897235395591
lNyl7zG6jek,TÔI GIÀU RỒI ! PHONG CẬN TIỆM NET BẤT ỔN VIỆT NAM TẬP 3,Phong Cận Tv,2026-03-24 12:33:06+00:00,20,447961,9198,300,2026-03-29,55,0.020533037474244408,0.0006697011570203657,12,0.021199564856239708
PdIUg1j1aQ0,NHẠC REMIX TIKTOK HAY 2026🔥NONSTOP 2026 DJ THÁI HOÀNG REMIX🎼BXH NHẠC TRẺ REMIX HOT NHẤT 2026,Dolce Music,2026-03-27 00:00:33+00:00,22,158676,0,13,2026-03-29,92,0.0,8.192795381784265e-05,0,9.988132669327363e-05
Kr-zOW5DCz8,"(Business Tour) ""Trùm BĐS"" Độ Mixi bị bao vây bởi hội nghịch tử, tìm mọi cách né suất bét bảng.",MixiGaming,2026-03-22 11:30:15+00:00,24,542618,5007,137,2026-03-29,95,0.009227486003044499,0.00025247964498044666,11,0.009479335711453618
TUjTj5edcz4,E LÀ KHÔNG THỂ (LIVE STAGE) - VICKY NHUNG x CHU THÚY QUỲNH x ĐÔNG THIÊN ĐỨC | LIVE AT MÂY LANG THANG,Vicky Nhung,2026-03-14 12:50:06+00:00,10,1208398,4471,443,2026-03-29,100,0.0036999399204566707,0.00036660107017720984,12,0.004074485668970053
70LOaxzmcg4,"Press This Button To Win $250,000",MrBeast Gaming,2026-03-28 16:00:01+00:00,20,3812701,147769,10820,2026-03-29,33,0.03875703864530683,0.0028378831699627117,16,0.041554903190301654
pZo2Prlcg2Y,Hiền Hồ - Hôn Lễ Của Em | Live version | Cat & Mouse Live Music | St: Trọng Nhân,Hiền Hồ Official,2026-03-16 13:01:39+00:00,10,734972,2602,176,2026-03-29,80,0.0035402709218854598,0.00023946490478548842,13,0.003774433338827309
6WFu8syRCnU,TÔI SỐNG CUỘC ĐỜI CỦA QUÁI VẬT BIGFOOT | Life as Bigfoot,RAV,2026-03-25 03:00:14+00:00,20,361888,2183,56,2026-03-29,56,0.006032253072773897,0.0001547440091962154,3,0.006191989222049272
-LcMPSMAwC4,HER CONCERT 2026 - THIỆP HỒNG SAI TÊN (ST: LƯƠNG GIA HÙNG) - TÙNG DƯƠNG COVER,TUNG DUONG OFFICIAL,2026-03-18 04:27:34+00:00,10,701759,3212,503,2026-03-29,77,0.004577069905765369,0.0007167702872353614,4,0.005276832347596981
Gkwtu-ykCSE,Mình Tự XÂY THUYỀN Để Làm HẢI TẶC Trong ROBLOX...,Crazy Lion 02,2026-03-28 10:03:46+00:00,22,204717,2941,468,2026-03-29,49,0.014366173791136055,0.002286082738609886,10,0.016683890059818136
uWh7mtFXh5k,Gemini Hùng Huỳnh - 'Đẹp Mã' (ft. Hoà Minzy) - Official Music Video,Gemini Hùng Huỳnh,2026-03-19 15:13:16+00:00,10,915783,20803,7262,2026-03-29,67,0.022716080119416938,0.007929826170610287,15,0.030675984404914633
cuE6SpMkz1Q,"TOP 8 LỘ DIỆN, TEAM FLASH QUYẾT CHIẾN TAKIO | FVPL SPRING 2026 - KNOCKOUT STAGE",EA Sports FC Online Vietnam,2026-03-27 13:18:23+00:00,20,303802,2210,9,2026-03-29,79,0.007274474822417232,2.962455810034167e-05,13,0.007279057756318614
Dtz0P0XPjaE,Thư Tình Em Gái Karaoke Tone Nữ ( Dm ) Nhạc Sống Dễ Hát | Trọng Hiếu,Hiếu Organ,2026-03-27 01:00:12+00:00,10,116962,0,9,2026-03-29,68,0.0,7.694806860347805e-05,1,8.397953127002861e-05
zInlDdLXJVk,CHƠI THỬ TAI ƯƠNG BẢN CHÍNH THỨC !!! GAME KINH DỊ VIỆT NAM ĐẸP NHẤT 2026 !!! - The Scourge,Trực Tiếp Game,2026-03-28 15:35:02+00:00,20,190713,6071,133,2026-03-29,90,0.03183317340716155,0.0006973829786118408,15,0.032548840735850494
8Vmb5mREySs,BÊN ẤY EM CÓ AI RỒI (Cover) | Oanh Tạ | Lê Gia Quân | Bên Ấy Em Có Ai Rồi Thôi Thì Thôi Thì Tôi Đành,Oanh Tạ official ,2026-03-21 10:41:46+00:00,10,201259,725,73,2026-03-29,100,0.0036023233743584138,0.00036271669838367474,10,0.003960452565493904
0oCbchJAPLA,ĐÙA VALORANT ƠI,HK15,2026-03-25 12:00:04+00:00,20,267193,10439,446,2026-03-29,15,0.03906913729027332,0.0016692054058302425,12,0.040754933203464544
SZp8N3LrbUY,"Nghe 15 phút ngủ liền 😴 NHẠC BOLERO DỄ NGHE, DỄ NGỦ - LK Nhạc Vàng Chọn Lọc Bài Hay KHÔNG QUẢNG CÁO",Ru Ngủ Đêm Khuya,2026-03-27 12:45:54+00:00,22,91077,1002,4,2026-03-29,99,0.011001679897229817,4.3918881825268726e-05,12,0.011024569660940769
Evu10EsCrz0,UPDATE CÁCH MỞ KHOÁ NHÂN VẬT MỚI VÀ 10 CHIÊU THỨC CẦN CÂU MỚI MẠNH NHẤT GAME CÂU CÁ VẠN CÂN,Thinh Zuka Play ,2026-03-27 13:01:02+00:00,22,180917,3385,1407,2026-03-29,91,0.018710237291133504,0.00777704693312403,13,0.026424776773565382
5ibi4qoT_vc,hoá ra…,GREY D - Topic,2026-03-26 13:03:36+00:00,10,88002,2159,49,2026-03-29,7,0.024533533328787983,0.0005568055271471103,13,0.025101695603671512
wDRMLVbH8Xw,SCHAUE NIEMALS ALLE POPPY PLAYTIME CHAPTER 5 FILME um 3 UHR!!,DOKTOR LIGHT,2026-03-23 09:38:01+00:00,24,3390058,47147,724,2026-03-29,61,0.013907431672260474,0.0002135656676080468,9,0.014076793435696715
YGeExm0vJBA,Hạt Mưa Vương Vấn Remix (Ver Hot TikTok) - Hạt Mưa Vương Vấn Em Giờ Này Đang Nơi Đâu Remix,ACV Entertainment,2026-03-13 04:37:37+00:00,10,1123558,2403,57,2026-03-29,90,0.002138741391187638,5.0731693423926493e-05,4,0.002177175558986069
JzdTE4t1s7c,TRỰC TIẾP: GAM vs 1S | FPT vs SPN | SGP vs BOX - SAO CHA PHỤC HẬN - NGÀY VỀ JULIUS - BOX LẠI THUA ??,BLV Thanh Tùng,2026-03-28 18:00:51+00:00,20,137897,1141,3,2026-03-29,100,0.008274291681472404,2.1755368137087828e-05,18,0.008268275664392824
jqs9nCSk-M0,Dạo Bước Hồng Kong 1999,Nguyen - Topic,2026-03-22 15:18:38+00:00,10,106007,529,0,2026-03-29,23,0.004990236493816446,0.0,15,0.00498606893427721
BC9l5t9Pf50,Cách Lấy 24 QUẢ TRỨNG Nhanh Nhất (Chi Tiết) Trong UPDATE EASTER Blox Fruit !,Trí Dũng Đại Ca,2026-03-28 23:38:59+00:00,20,66596,1906,254,2026-03-29,76,0.02862033755781128,0.003814042885458586,23,0.032423516818506914
jW2CKyJYCKI,NHẠC TREND TIKTOK REMIX 2026 | NONSTOP VIỆT MIX 2026 BASS CỰC MẠNH | NHẠC TRẺ REMIX HAY NHẤT 2026,Việt Mix TV,2026-03-26 09:29:54+00:00,10,148774,0,34,2026-03-29,97,0.0,0.0002285345557691532,9,0.0002213693881250807
OjS638JIVt8,DR4GONS Đã Gặp ĐỨA TRẺ TỐT BỤNG Nhất Trong Escape Tsunami For Brainrots | Rolox,Dr4gons Roblox 02,2026-03-24 04:50:06+00:00,20,437766,2367,199,2026-03-29,79,0.005406998259344033,0.00045458075775642694,4,0.0058559094245282765
d-5aksRGHDc,Nhạc Chill 2026 - BXH Nhạc Chill TikTok Triệu View Hay Nhất Hiện Nay - Nhạc Lofi Chill Buồn TikTok,Air Lofi Chill,2026-03-27 23:00:00+00:00,10,69529,0,19,2026-03-29,98,0.0,0.0002732672697723252,23,0.00028081677517584824
Dy2fEzAcO0o,"Bộ Đôi Trùm Móc Lốp ,1Bò3Yếu Khuấy Đảo ALTP Bác Gấu Lấy Chuỗi 2 Top 1 Bo Cuối Đụng Độ Hack Cực Căng!",Nguyễn Khả Khánh,2026-03-27 09:30:06+00:00,20,221074,2875,142,2026-03-29,100,0.01300469526041054,0.0006423188615576684,9,0.01364544554291731
nj6nULn4Rf8,Thương Lấy Phận Mình Remix (Trend CapCut 2 Ảnh) - Thái Học | Phía Trước Em Vẫn Còn Remix,Nhạc Sàn Remix,2026-03-24 01:21:25+00:00,10,80590,1815,14,2026-03-29,88,0.02252140464077429,0.00017371882367539398,1,0.02270607303382802
bS-IeJ0nsfg,"[Free Fire] CULÌ Đổi Tên "" WAG BácGấu"" Troll Kênh Thế Giới Và Cái Kết Bị Khịa Cực Hài !",CULÌ TV,2026-03-28 10:00:46+00:00,20,209929,6217,180,2026-03-29,87,0.029614774519004045,0.0008574327510729818,10,0.03045668717761534
ilSRWsOFsCY,Cò Ơi Sao Mày Quên Mẹ – Ai Không Còn Mẹ Nghe Bài Này Khó Mà Cầm Nước Mắt | Thảo My Con Út,Thảo My Con Út,2026-03-16 11:00:06+00:00,10,444928,525,28,2026-03-29,89,0.0011799661967779056,6.293153049482164e-05,11,0.0012673397871000157
CR8-ePXe8xo,Simmy Bị Con Nai Nhận Nhầm Là MẸ Trong 99 NIGHT IN THE FOREST 😵⁉️,Mèo Simmy,2026-03-27 11:09:41+00:00,20,157365,2777,238,2026-03-29,65,0.01764687192196486,0.0015124074603628506,11,0.01917319344096842
0YsvrUkweqA,#LK Người Tình Không Đến➤CA NHẠC TRỮ TÌNH HẢI NGOẠI 👉BOLERO CÔNG TUẤN ĐỘC LẠ➤LK NHẠC VÀNG XƯA BẤT HỦ,CA NHẠC HẢI NGOẠI,2026-03-27 22:01:21+00:00,22,59294,99,53,2026-03-29,100,0.001669646169932877,0.0008938509798630552,22,0.002561989187679031
pX9lv2d7YCs,"✨ Hướng Dẫn Người Mới Chơi Sailor Piece: Cày Nhanh, Tăng Tối Đa Sức Mạnh",Bùm Roblox,2026-03-23 10:30:30+00:00,20,232532,3529,235,2026-03-29,72,0.015176405828015068,0.0010106135929678496,10,0.0161851553128773
wfd8fOThruY,"Cỏ Dại Và Hoa Dành Dành - Nữ Ca Sĩ Giấu Mặt Cover, Đặng Thanh Tuyền x CaoTri | Official Lofi Lyrics",CaoTri Official ,2026-03-13 10:53:24+00:00,10,766779,5997,54,2026-03-29,99,0.007821027962424636,7.042446389376862e-05,10,0.007862998969137256
G0dG37FerBM,"Costream [PGS 2🏆] Nhánh Thắng: AL, TE, FCE🇻🇳 🇻🇳 🇻🇳 🇻🇳 🇻🇳 🇻🇳 🇻🇳",Lâm Đình Xưa,2026-03-26 13:29:56+00:00,22,296940,4621,19,2026-03-29,62,0.015562066410722705,6.398599043577828e-05,13,0.015652990608648193
lNUY-VWVAKo,SWAN - có lẽ (Music Video),SYE Official,2026-03-19 12:00:06+00:00,10,309429,10908,2043,2026-03-29,26,0.035252028736802304,0.006602483930077659,12,0.041699871234123595
zfVTB72QNeY,"Tôi Phải Tìm Đủ 100 Con Vịt Ở Ngoài Vũ Trụ, Và TIÊU DIỆT Chúng",Su Đờn,2026-03-27 12:30:53+00:00,20,134066,1550,60,2026-03-29,62,0.01156146972386735,0.00044754076350454254,12,0.011996318399654931
frlv290NTDM,Thiệp Hồng Sai Tên Remix ♫ BXH Nhạc Trẻ Remix Hay Nhất 2025 - Top 15 Bản EDM Hot Trend TRIỆU VIEW,H Club Music,2026-03-24 23:07:11+00:00,10,137741,1057,19,2026-03-29,97,0.007673822609099687,0.00013794004689961594,23,0.007782289594701067
19Lal4ayoms,SLENDERMAN BẮT ĐƯỢC SCP-THOMAS THE TRAIN(XE LỬA MA) VÀ HUNGRY WORM Ở TRẠM THU PHÍ,SlenderMan™,2026-03-26 11:00:04+00:00,20,200242,1266,66,2026-03-29,81,0.006322349956552571,0.0003296011825690914,11,0.0066553682379747155
Et9S0wuwwNs,Song Ca Tân Cổ Mới Nhất 2026 - DUYÊN NỢ MIỀN TÂY | CVVC Nguyễn Văn Khởi & Phương Cẩm Ngọc,CVVC Nguyễn Văn Khởi,2026-03-24 11:00:06+00:00,10,80029,156,16,2026-03-29,89,0.0019492933811493334,0.0001999275262717265,11,0.0021474386206062433
60v1op7bd-k,"[ TIỆM NÉT BẤT ỔN VIỆT NAM ] TIỆM NÉT CỦA THẦY GẶP NHIỀU THÀNH PHẦN ""KHỦNG BỐ""  (#2) | MV Gamer",MV Channel,2026-03-25 10:41:18+00:00,20,186074,3391,203,2026-03-29,95,0.018223932413985833,0.0010909638100970581,10,0.01931608158722053
H5tvuzM8MXE,MỞ LÒNG VÌ AI - NGUYỄN THẠC BẢO NGỌC COVER | Đôi mắt em không thể chối dù đôi môi em đã cố gắng,Nguyễn Thạc Bảo Ngọc,2026-03-20 12:00:24+00:00,10,182663,1079,67,2026-03-29,95,0.005907052878798662,0.0003667956838549679,12,0.006254091332532014
aFaV3KyKtQU,FINALLY.. EASTER UPDATE In Blox Fruits..! 🐰,JuJuBo TV,2026-03-27 10:28:58+00:00,20,809905,19288,2450,2026-03-29,43,0.023815138812576783,0.0030250461473876568,10,0.026853162518489338
4g3APrKNLF0,GIN TUẤN KIỆT | Mặt Trời Nhỏ (Ba Ba Mẹ Mẹ thương tặng cục con Anya ♥️),Gin Tuấn Kiệt,2026-03-21 13:00:07+00:00,10,703133,10512,418,2026-03-29,70,0.014950229899606475,0.0005944821250033778,13,0.015550478968684913
WOcWvwfSdAo,HÙNG AKIRA HÀNH TRÌNH ADMIN ZIOLES LV 1 - 2800 VỚI TẤT CẢ 10 TRÁI BEAST BIẾN HÌNH PHÁ ĐẢO BLOX FRUIT,Hùng Akira Blox Fruit,2026-03-25 04:00:27+00:00,20,272437,4794,2174,2026-03-29,100,0.017596728785003506,0.007979826528702048,4,0.025625931013327358
F-zURtmHvVM,CỎ DẠI VÀ HOA DÀNH DÀNH - Cỏ Dại Khô Dưới Chân | Nhạc Trẻ Ballad Chill Nhẹ Nhàng Triệu View 2026,Chà Là Chill,2026-03-26 09:18:21+00:00,22,67608,0,19,2026-03-29,96,0.0,0.00028103183055259735,9,0.0002822887023157391
9Nv0M6t3Be0,Secret Scene Lilly Love Braids! Poppy Playtime 5,Poppy Boy,2026-03-22 07:00:00+00:00,20,3109358,18971,572,2026-03-29,48,0.006101259488293082,0.0001839608047706311,7,0.00629559651033004
2uMaxESTVDU,Từ Ngày Hôm Nay (OST Nhà Ba Tôi Một Phòng) | Lyrics Video,Anh Tú Atus,2026-03-16 12:00:00+00:00,10,370422,2623,160,2026-03-29,57,0.007081112892862735,0.00043193978759360947,12,0.00749826097766404
kMofxp4DqV8,CÂU CHUYỆN ĐỒ CHƠI PHIÊN BẢN KINH DỊ VÀ RÙNG DỢN !? bqThanh & Ốc Chơi ToyStory.EXE Remake,bqThanh TV,2026-03-24 11:01:20+00:00,20,263887,1820,83,2026-03-29,89,0.006896891472486329,0.0003145285671518491,11,0.007212118439458478
eWdaFW9VdlI,LK 110 Bài Ca Nhạc Trữ Tình BOLERO MỚI NHẤT 2026➤VỪA MỚI RA LÒ - CỰC ÊM TAI,KHÁNH LY BOLERO,2026-03-19 23:30:29+00:00,10,309407,0,53,2026-03-29,75,0.0,0.00017129541348450422,23,0.00017488569137713556
Pm8Psn9svtI,🔥 [NHÁNH 1-0 & 0-1] ĐẠI CHIẾN KHÔNG KHOAN NHƯỢNG - NGÀY THI ĐẤU SWISS STAGE 29.03 🔥,EA Sports FC Mobile Vietnam,2026-03-29 06:50:37+00:00,20,88376,1478,2,2026-03-29,83,0.016723997465375215,2.2630578437584864e-05,6,0.016822104313660782
XtBcZDVO7jk,50 Năm Về Sau (Nghĩ Đến Ngày Chúng Ta Sẽ Già) - TLong | Tìm Được Thấy Nhau Không Dễ Dàng Đâu ...,TLong,2026-03-17 02:00:06+00:00,10,313844,1906,211,2026-03-29,96,0.006073080893692408,0.0006723085354507335,2,0.006727411776246364
YMSH1X0ndeM,[BloxFruit] Vị Trí Nhặt Trứng Làm Nhiệm Vụ Siu Dễ Mở Trứng Siu Hiếm Lấy Vật Phẩm Bunny,DANMOMO YT,2026-03-29 02:09:56+00:00,22,136672,3987,1006,2026-03-29,86,0.029172032310934206,0.0073606883633809414,2,0.036477411160357326
liB7y5-oLug,MỞ LÒNG VÌ AI - JIN TUẤN NAM x THÁI HỌC COVER | Anh Một Lòng Vì Em Nhưng Em Mở Lòng Vì Ai,Nguyễn Thái Học Official,2026-03-16 11:01:16+00:00,10,373221,1790,166,2026-03-29,89,0.004796085965152014,0.0004447766872710807,11,0.0052487475445576
sVOOSDKEw9U,Tôi Đã Sở Hữu Tất Cả Trái Ác Quỷ Trong Vòng 24 GIỜ  Trong Roblox Blox Fruits!! PyscoBlox..,Pysco Blox,2026-03-26 10:00:06+00:00,22,157114,732,17,2026-03-29,90,0.004659037386865588,0.00010820168794633196,10,0.0047634684429628165
lUxYtpaAnsE,Nhạc Trẻ Ballad Việt Hay Nhất 2026 | Lk Nhạc Trẻ Mới Gây Nghiện | Nhạc Việt Hot Nhất Hiện Nay,Miu Music,2026-03-27 00:58:05+00:00,22,70341,2649,2,2026-03-29,93,0.03765940205570009,2.8432919634352653e-05,0,0.03777359343694983
1RSa1pHNiPw,Xếp hạng tất cả SỰ KIỆN trong Doors Chaos Mode,Sao Đơn,2026-03-26 09:15:00+00:00,20,137758,1951,263,2026-03-29,46,0.014162516877422726,0.0019091450224306393,9,0.016059544469214933
hBjPLFlRoKY,Nhạc Vũ Trường Disco Remix Sôi Động – Liên Khúc Nhạc Trẻ Club Bass Sâu Cực Mạnh Quẩy Cực Sung,Thành Đô Rumba,2026-03-23 10:01:05+00:00,10,114042,224,12,2026-03-29,93,0.001964188632258291,0.00010522439101383701,10,0.0020592640076128976
y_MkPP2jLh0,JayGray Cứu Bạn Gái Mochi Khỏi Sóng Thần 7 Màu😘🌈Thử Thách Người Yêu Roblox Sở Hữu Sức Mạnh Nguyên Tố,Mochi TV,2026-03-20 12:43:54+00:00,20,421747,6940,525,2026-03-29,100,0.01645536304941114,0.0012448221327004104,12,0.01769206420217267
XqA65HXykGU,MỸ TÂM - CHỈ CẦN GỌI TÊN NHAU (OFFICIAL MV) | OST PHIM TÀI,My Tam,2026-03-16 13:00:06+00:00,10,557967,5362,636,2026-03-29,58,0.009609887323085415,0.0011398523568598143,13,0.010767536788077604
4tKIYc1Hl-E,EASTER EVENT SHOWCASE | Blox Fruits,Gamer Robot,2026-03-27 00:22:56+00:00,20,1243769,63843,7666,2026-03-29,35,0.05133027113555652,0.006163523934106735,0,0.05751445321248809
OdgMjGC4b4g,Nhạc Sống Hà Tây Remix 2026 Cực Bốc Sôi Động Hay - LK Bolero Trữ Tình Remix 2026 Mở Nghe Buổi Sáng,Tết Nguyên Đán Remix,2026-03-26 12:42:07+00:00,10,84171,2836,3,2026-03-29,98,0.033693314799634076,3.5641729336707415e-05,12,0.03372142747424491
tk-c9WTIcsA,Giant LOGS DUMP MACK TRUCK VS Cars Lightning McQueen & Police Car & Giant Spikes - Beamng.Drive,BNG QueenMc,2026-03-26 18:09:43+00:00,20,1746817,43243,1350,2026-03-29,95,0.024755312090505188,0.0007728342465180955,18,0.025552657413347134
QMBv5edGiMw,Vì Ta Là Một Gia Đình - Saka Trương Tuyền & Hồ Việt Trung | Official Music Video,Saka Trương Tuyền Official,2026-03-26 12:00:06+00:00,10,134467,2114,474,2026-03-29,80,0.015721329396803676,0.0035250284456409377,12,0.019246869297768407
qvSoQ4Ho8y8,MINECRAFT BẬC THẦY COBBLEMON * TẬP CUỐI | LỘC DÀNH 1 NGÀY BẮT TẤT CẢ POKEMON HUYỀN THOẠI VÀ CÁI KẾT,Lộc Zutaki,2026-03-28 03:00:39+00:00,20,135237,4416,475,2026-03-29,99,0.03265378557643248,0.0035123523887693455,3,0.03617731765959132
cK5KHNSdxCw,99 Bài Song Ca Bolero HAY NHẤT Không Quảng Cáo - Ca Nhạc Bolero Trữ Tình Mới Nhất 2025,Thiên Quang Official,2026-03-25 15:28:35+00:00,10,120531,141,9,2026-03-29,86,0.0011698235308758743,7.466958707718346e-05,15,0.001281752233150529
GhPhQNYCU2o,QUÁ MỆT MỎI VỚI NHỮNG CÁI CÂY NÀY | Plants vs Zombies Waste (Phần 2),Dương404,2026-03-26 11:00:22+00:00,20,186848,7399,1635,2026-03-29,68,0.03959903236855626,0.00875042815550608,11,0.04837178860463732
OK7pQHUW6Zw,Gặp Nhau Giữa Rừng Mơ - Phạm Thiêng Ngân ft. Quách Phú Thành (ST: Bảo Chung),Phạm Thiêng Ngân Official,2026-03-24 12:00:43+00:00,10,96423,503,66,2026-03-29,76,0.005216597699718947,0.0006844839924084503,12,0.005891317958220661
OgJvwE1kqPQ,"Đức Mõm Thuê Gái Chơi Game, Được “Fan Nữ 2K10” Tỏ Tình !!!",Đức Mõm Gamer,2026-03-23 10:00:39+00:00,20,441108,5991,147,2026-03-29,58,0.013581707881063141,0.00033325172066704753,10,0.013927739618960124
uInv5mlcLtg,Tái Sinh Remix ♫ BXH Nhạc Trẻ EDM Hot Trend Triệu View Cực Cháy - Top 15 Bản EDM Remix Hay Nhất 2026,My Music,2026-03-27 00:00:03+00:00,22,74249,2352,17,2026-03-29,100,0.031677194305647215,0.00022895931258333445,0,0.03197062091177893
-ng1OoCMkAQ,GTA 5 - SÓNG THẦN SẮP ĐẾN (Chạy Trốn & Sống Sót),Deann,2026-03-26 11:00:01+00:00,20,135089,515,26,2026-03-29,48,0.003812301519738839,0.0001924657077926404,11,0.0039962333050305755
oQKZC6Qnrqw,HOÀNG DŨNG - LÝ GIẢI | OFFICIAL MUSIC VIDEO,Hoàng Dũng,2026-03-14 14:00:06+00:00,10,592819,13320,509,2026-03-29,43,0.02246891546998325,0.0008586094575241347,14,0.023325781464486522
5iio6McuyL0,SAMMY VÀ PHONG CẬN LÀM NGHỀ KIỂM TRA XE CÓ MA VÀO LÚC 12H ĐÊM TRONG ROBLOX,Sammy Đào,2026-03-28 12:33:05+00:00,20,73420,1324,102,2026-03-29,74,0.018033233451375648,0.0013892672296377008,12,0.019445996429201088
boMNjxlD1YI,"Nhạc Lofi Chill Top Xu Hướng 2026 ♬ Hạt Mưa Vương Vấn, Thiệp Hồng Sai Tên ♬ Nhạc Lofi Hot TikTok",Ký Ức Lofi,2026-03-25 09:45:27+00:00,10,74217,567,28,2026-03-29,96,0.00763975908484579,0.00037727205357263163,9,0.008010625192766439
bd3Umpz2zeo,🔥 Tôi Cày Chay xây dựng Bồ Đào Nha trong FC Mobile VN: khởi nghiệp tại Future Star ,Béo Mê Fc Mobile,2026-03-25 11:28:32+00:00,20,177804,1675,343,2026-03-29,83,0.009420485478391936,0.0019290904591572743,11,0.011356744110620718
x0FwbTiD3iA,YUNA “Ice Cream” M/V,JYP Entertainment,2026-03-23 08:58:06+00:00,10,7334160,291425,22560,2026-03-29,20,0.03973529347600816,0.0030760168853692857,8,0.04280915767297148
qsBC5dY5SuM,Con CƯNG CỦA ĐỨC !!? || tìm hiểu nhân vật:WAFFENTRAGER/HYBRID,Gakia chill(AR),2026-03-23 11:25:16+00:00,22,255224,3863,436,2026-03-29,61,0.01513572391311162,0.0017083032943610319,11,0.016837617485984436
7LxJg7_O008,Những Bài Nhạc Đỏ Cách Mạng Hay Nhất Đi Cùng Năm Tháng - LK Rừng Xanh Vang Vang Tiếng Ta Lư,Phương Hiếu Sao Mai,2026-03-18 11:26:15+00:00,10,181115,385,36,2026-03-29,91,0.0021257212268448226,0.00019876873809458078,11,0.0023208354912883926
7WYD-CpyNZI,TỪ 0$ SỞ HỮU CÚ ĐẤM SẤM SÉT TRIỆU DMG ĐẾN ĐỘI HÌNH ANCENT TRIỆU TỶ/S TRONG GET STRONG FOR BRAINROTS.,DudapoetGaming,2026-03-27 09:52:04+00:00,20,130018,1414,297,2026-03-29,100,0.010875417249919242,0.002284299097048101,9,0.01316236002258116
qEZVUHzflGs,LK Disco Hải Ngoại Modern Talking - Nhạc Hoa Lời Việt - Disco 80s Huyền Thoại Một Thời Đam Mê,Modern Talking Style,2026-03-28 11:23:16+00:00,10,63365,224,16,2026-03-29,93,0.0035350745679791685,0.0002525053262842263,11,0.0038017259613231146
eui20ZAmsZk,KAYLE HACK LEVEL CỰC SỚM GIÚP XIAOCHAOMENG MỘT MÌNH QUẠT CẢ TEAM ĐỊCH LÊN BẢNG VỚI 25 SÁCH MEJAI,Văn Tùng,2026-03-27 12:24:27+00:00,20,86456,1276,62,2026-03-29,96,0.014758952530767096,0.0007171277875451097,12,0.015480117531449568
M0W3MwvGrGA,Cò Ơi Sao Mày Quên Mẹ - Ca Khúc Khiến Triệu Người Bật Khóc Vì Chữ Hiếu Chưa Tròn | Thảo My,Anh Nông Dân Hay Hát,2026-03-12 11:30:06+00:00,24,912934,2341,106,2026-03-29,90,0.0025642598479189076,0.00011610916013643922,11,0.0026797685767004894
cqxcivUw2BY,G2 vs BLG (BO5) | First Stand 2026 - Chung Kết | 22.03.2026,LoL Esports VN,2026-03-22 17:23:51+00:00,20,463303,2711,18,2026-03-29,59,0.005851462218030101,3.8851464376444786e-05,17,0.005885694493044043
FYYqJqMj6tI,"Người Tình Không Đến - Viết Từ KBC⭐LK Nhạc Vàng Xưa Ngọt Ngào Say Đắm Bao Thế Hệ,Toàn Bài Hay Bất Hủ",Ngọc Ánh Bolero,2026-03-24 11:01:44+00:00,22,88722,1793,66,2026-03-29,100,0.020209192759405786,0.000743896665990397,11,0.020959579399151437
42tSiG3THQU,Hành trình phá đảo sailor piece phần 2 | Lấy toàn bộ kiếm có trong game,Noop BloxFruit,2026-03-28 11:42:24+00:00,20,105548,1900,185,2026-03-29,71,0.018001288513283056,0.001752757039451245,11,0.019749782808630035
kZnpzY7A1u4,|NGHIÊM TỔNG & TRẦN TIỂU MUỘI| NGONGIODEMQUATRANGSANGDEMNAY prod. NGÔ HẠO & MAI CẢNH DỊ,MCK // Nger,2026-03-02 17:48:03+00:00,10,5288467,73788,4227,2026-03-29,87,0.013952625590743025,0.0007992864472823599,17,0.014760909586871184
VKfm7QqzYRA,Kresh Sinh Tồn 100 Ngày Minecraft ĐẠI DỊCH MÙA MÀNG !!,Kresh,2026-03-24 11:00:53+00:00,20,265770,7287,247,2026-03-29,54,0.027418444519697483,0.0009293750235165745,11,0.028319089572560702
NjYyRBt72Eg,Nhạc Chill TikTok - Nhạc Lofi Buồn Hot Nhất Hiện Nay - Những Bản Nhạc Lofi Chill Nhẹ Nhàng,Anten.,2026-03-25 11:00:00+00:00,10,80056,0,27,2026-03-29,90,0.0,0.0003372639152593185,11,0.00033170475638857633
YG-JcdKCWKk,36 CẬP NHẬT MỚI Sắp Có Trong Minecraft 2026,Hungg VN,2026-03-22 11:00:47+00:00,20,455556,9007,699,2026-03-29,43,0.019771444125420364,0.0015343887469378079,11,0.021297506293280647
sPQXOA6pzOg,Minh Huy - Ngày Rời Chuyến Bay ft Pinny ( Official Music Video ),Minh Huy Official,2026-03-14 13:00:06+00:00,10,423592,5498,351,2026-03-29,64,0.012979470811535629,0.0008286275472624601,13,0.013793185218828923
-IkvTMOEZfE,Tôi Phá Đảo Tất Cả Thành Tựu Trong Cờ Vua (chess.com),Pond Gaming,2026-03-24 10:13:17+00:00,20,312151,6776,489,2026-03-29,53,0.021707442872199674,0.0015665495225067356,10,0.023266199376188842
KyLAIOU7tqw,LK Nhạc Trữ Tình Bolero 2026 - TOÀN BÀI HAY CỰC ÊM TAI - LK Nhạc Vàng HAY NHẤT HIỆN NAY,Bolero Đồng Quê,2026-03-25 22:10:04+00:00,22,70013,112,114,2026-03-29,87,0.001599702912316284,0.0016282690357505036,22,0.003209157433356953
Xg80h5_cimM,Sinh Tố Team Trở Thành Prototype Poppy Playtime,JackVN,2026-03-27 11:15:03+00:00,20,136375,440,11,2026-03-29,47,0.0032263978001833182,8.065994500458296e-05,11,0.0033088976232394287
iCVMIrRrVh4,"Top Ballad Ca Sĩ Giấu Mặt Gây Sốt Mạng Xã Hội Mới Nhất 2026 | Khi nào em mới biết?,...",Trạm Ballad ,2026-03-15 12:01:14+00:00,22,293144,1139,53,2026-03-29,86,0.0038854624348443087,0.00018079851540539802,12,0.004066460905406146
IhxOUdFgQu8,Vì Sao Sầu Riêng Trở Thành MA CỔ DÀI Vào Lúc 3H Sáng Trong Minecraft,Sầu Riêng TV,2026-03-21 10:30:11+00:00,24,282194,894,39,2026-03-29,68,0.0031680333387669474,0.0001382027966576185,10,0.003309005184190324
kWPIS76EVyg,JUN PHẠM ‘TRUTH OR DARE’ Official MV,Jun Phạm Official,2026-03-28 13:32:26+00:00,10,38251,3638,692,2026-03-29,36,0.09510862461112128,0.018091030299861442,13,0.11331384820822882
JbAN3lqB5C4,Tôi đã LỘN XÀO 9999 lần trong con game SIÊU BỰA này !!! (PobbRose Thánh Lộn Xào) | Wacky Flip ✔,PobbRose,2026-03-25 03:00:06+00:00,20,170031,1878,39,2026-03-29,95,0.011045044727137993,0.00022936993842299347,3,0.011274924764245929
drPPvQHlui4,MƯA CHIỀU – NỔI DA GÀ Ngay Từ Câu Hát Đầu Tiên Với Giọng Nữ Đầy Da Diết | ST: Anh Bằng,Silicon Soul,2026-03-14 13:01:12+00:00,22,327564,2317,238,2026-03-29,86,0.00707342687230587,0.0007265755699649534,13,0.00775757544711218
uxAkJF_PrlE,"[LIVE] CHUNG KẾT - NGÀY 1 | TEAM FLASH, WAGA hay AMF sẽ giành được vị trí TOP1 của ngày hôm nay?",Free Fire Esports VN,2026-03-28 14:43:54+00:00,20,122022,1197,10,2026-03-29,96,0.009809706446378522,8.195243480683811e-05,14,0.009883197252576772
kqP9VnJwGYY,Nguyện Cầu Đến 50 Năm Về Sau Remix | Nhạc EDM TikTok Triệu View 2026 | Top 15 BXH Nhạc Trẻ Remix Hay,Thỏ EDM,2026-03-22 23:59:56+00:00,10,96895,194,7,2026-03-29,100,0.00200216729449404,7.224314980133134e-05,23,0.0020762476536883125
knE0PxLcgYY,Minecraft Nhưng Đó Là Bản Cập Nhật 26.1 Chính Thức Cùng Đám Động Vật Vô Tri,Kira Gaming,2026-03-26 01:00:41+00:00,20,197383,11143,428,2026-03-29,75,0.056453696620276314,0.0021683731628357053,1,0.0585953022338343
MEYuDENERcw,CỎ DẠI VÀ HOA DÀNH DÀNH - Cỏ Dại Khô Dưới Chân | BXHTOP HITS NHẠC TRẺ CA SĨ GIẤU MẶT Hay Nhất 2026,MH Media,2026-03-14 09:00:25+00:00,10,883352,2348,101,2026-03-29,98,0.0026580570372852497,0.00011433720645903331,9,0.0027581439658431904
F_bY2SNC4LQ,VUX THỬ THÁCH CHỈ CHƠI SKIN TUYỆT SẮC TỪ KIM CƯƠNG LÊN CAO THỦ LẤY 3S MVP MÃN NHÃN,VuxGaming,2026-03-25 10:45:20+00:00,20,148607,1933,62,2026-03-29,82,0.013007462636349566,0.0004172078031317502,10,0.013426967800007315
ghkC3vkKD24,50 Năm Về Sau - Nhạc Trẻ Ballad Việt 2026 | Chọn Lọc 15 Bài Hát Tình Yêu Tâm Trạng Triệu View,meChill Ballad,2026-03-24 09:27:48+00:00,22,102691,601,30,2026-03-29,93,0.005852508983260461,0.00029213855157706126,9,0.006140414574218942
xjZJfmrRN2U,5 top 1 hoặc ko off,TRÂU TFT,2026-03-28 14:59:53+00:00,20,96224,1243,0,2026-03-29,19,0.012917775191220485,0.0,14,0.012916931348624906
0uI_au8keUk,"Tuyển Tập Nhạc Hoa Lời Việt Bất Hủ Hot Tiktok Triệu Views | Vẫn Nhớ, Anh Cố Quên Em, Tôi Không Tin",NDMT,2026-03-14 06:20:38+00:00,10,498607,3275,119,2026-03-29,98,0.006568299281799092,0.00023866492046842504,6,0.006808856069705673
3zBCxnO2j6A,🔴ADC REACTION : SUPERNOVA vs FPT x FLASH | GIAI ĐOẠN 1 - LƯỢT VỀ | ĐTDV MÙA XUÂN 2026,ADC Gaming,2026-03-28 12:57:04+00:00,20,105285,1227,5,2026-03-29,85,0.011654081778031058,4.749014579474759e-05,12,0.01170325420746255
iwoEtegPkdE,50 Năm Về Sau - Dương Edward x Đặng Thanh Tuyền | Live Stage Performance 2026,Duong Edward Nguyen,2026-03-13 14:11:52+00:00,10,474827,2261,257,2026-03-29,77,0.004761734273746017,0.0005412497604390652,14,0.005286577842162122
-7eislKTsyc,Nó Sẽ Đi Theo Bạn Nếu Chơi Bản Mod Không Có Thật Này ! miNecrAft dReamCore,Siro Official,2026-03-25 10:54:04+00:00,20,162842,7645,189,2026-03-29,74,0.0469473477358421,0.00116063423441127,10,0.04821187900439569
aLCZYotJ2Is,Đây Mới Là Nhạc Trữ Tình Bolero CỰC ÊM TAI Ru Ngủ Về Đêm - LK Nhạc Sống Thôn Quê VỪA RA LÒ Cực Ngọt,Huyền My Bolero,2026-03-26 22:02:00+00:00,10,78635,882,39,2026-03-29,99,0.01121637947478858,0.0004959623577287468,22,0.01172197299485807
0_v2xHWzuzw,CÓ TIỀN THÌ CÀY CHAY THẾ NÀO NÊN MAX LEVEL TRONG BLOX FRUITS,Luca Gaming,2026-03-27 23:00:01+00:00,20,148163,1044,47,2026-03-29,60,0.0070462936090656915,0.00031721819887556274,23,0.007349573595771062
si5KLDufYLM,NHẠC MỚI RA LÒ 🔊 NHẠC REMIX DEEP HOUSE & HOUSE LAK TRIỆU VIEW TIKTOK | MIXTAPE VIET DEEP 8X9X,TD HOUSE MIX,2026-03-24 23:00:32+00:00,10,61250,3110,5,2026-03-29,93,0.05077551020408163,8.163265306122449e-05,23,0.051052447260500664
i9qyYoNkEFw,Poppy Playtime: Chapter 6 - RORY Meets PROTOTYPE (Gameplay 08),Buggy Huggy,2026-03-27 23:30:22+00:00,20,1947009,25459,999,2026-03-29,62,0.01307595393755242,0.0005130947006408291,23,0.013584518660625645
ObyKKbTMV0c,THIỆP HỒNG SAI TÊN | HOÀI LÂM (LIVE PERFORMANCE),Tuấn Lộc Music,2026-03-25 13:00:43+00:00,10,59896,814,209,2026-03-29,48,0.013590223053292374,0.003489381594764258,13,0.017058884117300718
88FoodCubXY,Tôi Chi 10 Tỷ Coin Xây Team REAL MADRID Trong FC Mobile VN,Nghĩa Ng ,2026-03-27 10:17:05+00:00,20,105466,1300,116,2026-03-29,58,0.01232624732141164,0.0010998805302182694,10,0.013415169125567904
aB6q7AWvqnI,"Cỏ Dại Và Hoa Dành Dành, 50 Năm về sau- Nhạc Chill TikTok Triệu View 2026",Ryan Music,2026-03-23 11:55:00+00:00,22,67396,159,11,2026-03-29,73,0.0023591904564069085,0.00016321443409104397,11,0.0025325970185344823
V9wDUZaEUS4,ĐỪNG ĐỂ MA QUỶ TRÊU LÚC NỬA ĐÊM NƠI CÔNG SỞ,Duy Lê,2026-03-24 11:10:55+00:00,20,151333,4566,124,2026-03-29,43,0.0301718726252701,0.0008193850647248122,11,0.031024208810235335
LtsyOJjrhe4,"Cỏ Dại Và Hoa Dành Dành, Cỏ Dại Khô Dưới Chân | Nhạc Ballad Cover 2026 |Bản Hits Nhạc Trẻ Triệu View",Sola Ballad,2026-03-26 10:36:18+00:00,22,67118,547,14,2026-03-29,100,0.008149825680145415,0.00020858786018653714,10,0.008346020869100478
UMdxe9SmjsI,[VIDEO # 523] Trọng Sinh Làm Công Nhân Nhà Máy Để Giải Cứu Thế Giới! | Arknights: Endfield | Ping Lê,Ping Lê,2026-03-23 11:00:48+00:00,24,244616,4032,197,2026-03-29,100,0.016482977401314713,0.000805343885927331,11,0.01725858982133268
3pGC8LARvdc,"TÌNH ĐẤT, NEO ĐẬU BẾN QUÊ - LK Dân Ca Xứ Nghệ Hay GÂY SỐT CỘNG ĐỒNG MẠNG - Nhạc Đồng Quê CỰC NGỌT",Nhạc Sống Dân Ca,2026-03-26 22:30:00+00:00,22,44761,815,0,2026-03-29,97,0.018207814838810572,0.0,22,0.01823144242511116
yfa_vrphI5I,Nhất Kích Tất Sát,Ha Le Quyen,2026-03-26 11:30:15+00:00,20,175990,4509,194,2026-03-29,17,0.025620773907608387,0.0011023353599636343,11,0.02672955913986776
5tZBqWxLfro,LK Nhạc Sống Thôn Quê Mới Nhất 2026 CẢ XÓM PHÊ-LK Nhạc Sống Dân Ca Quê Hương Ngọt Ngào TOÀN BÀI HAY,Thái Dương Bolero,2026-03-23 22:59:14+00:00,22,125805,3088,14,2026-03-29,99,0.024545924247843885,0.00011128333532053575,22,0.024565157711683064
j3joM-Vm66I,"Thế Giới Minecraft Này Đang ""SỐNG"" | LOKAHEIMR ARG",Channy,2026-03-27 12:36:37+00:00,20,102405,3044,130,2026-03-29,50,0.02972511107856062,0.0012694692641960841,12,0.030986731214016485
cgmcr1bfiOI,LK Nhạc Không Lời CỰC HAY & ÊM TAI - Hòa Tấu Rumba Trữ Tình Bolero - Nhạc Test Loa Chuẩn Nhất,Nhạc Test Loa Chuẩn Nhất,2026-03-25 23:00:52+00:00,10,61065,140,14,2026-03-29,93,0.0022926389912388437,0.0002292638991238844,23,0.0025216322401427523
dgp2ahiqHkg,Tháp +1 Tiến Hoá Khi Nhảy,Sương Mê Game,2026-03-28 09:20:59+00:00,20,62489,441,34,2026-03-29,25,0.00705724207460513,0.0005440957608539103,9,0.007612942052546894
PjTen8znoRo,Ca Nhạc Trữ Tình Bolero TOÀN BÀI HAY CỰC ÊM TAI - LK Nhạc Vàng Xưa Dễ Nghe Dễ Ngủ Hay Nhất Hiện Nay,Vua Bolero,2026-03-19 09:00:32+00:00,10,149073,957,15,2026-03-29,99,0.006419673582741341,0.0001006218429896762,9,0.006504836714173784
khVRfLTYUUk,POPPY PLAYTIME CHAPTER 5 - FULL,ANGUBOT NA,2026-03-26 12:00:06+00:00,24,1142631,25442,2167,2026-03-29,31,0.0222661559156018,0.0018965002699909245,12,0.024174360081571224
ZNvriGUqhKg,LIÊN KHÚC NHẠC TRỊNH - DISCO | NHỮNG TÌNH KHÚC ĐÃ ĐI VÀO HUYỀN THOẠI - TÊN TUỔI,Nhạc Xưa Bất Hủ,2026-03-23 09:58:15+00:00,10,77510,391,20,2026-03-29,79,0.005044510385756677,0.0002580312217778351,9,0.005278443994137683
4fnSi8c92o8,Tổng quan về hệ PHÉP THUẬT bị ghẻ lạnh? | Plant vs Zombie 2,DT6Z,2026-03-28 11:15:00+00:00,24,105278,2747,429,2026-03-29,59,0.02609282091225137,0.004074925435513592,11,0.030172065480979834
mXaG5ke4VYM,NONSTOP 2026 BAY PHÒNG BASS CỰC MẠNH ✈️ NHẠC SÀN VINAHOUSE DJ MIXTAPE 2026 ✈️ NHẠC REMIX CỰC MẠNH P7,Mee Remix,2026-03-23 23:00:12+00:00,10,96898,0,6,2026-03-29,100,0.0,6.192078267869306e-05,23,8.240297566371971e-05
wre4ZxtOw2E,Mình Dành Ra 24 Giờ Để SỞ HỮU Melee GILGAMESH Trong Sailor Piece!!!!,Gờ Quen,2026-03-27 03:30:00+00:00,20,100407,1301,168,2026-03-29,68,0.01295726393578137,0.0016731901162269562,3,0.014633497186254714
1TIw_eDPSqk,Hạt Mưa Vương Vấn Remix (Bản Hót TikTok) - Hòa Cùng Yêu Dấu Nỗi Buồn Anh Đang Chôn Sâu Remix Tiktok,Việt Mix VN,2026-03-24 06:59:25+00:00,22,79471,435,37,2026-03-29,99,0.005473694806910697,0.00046557863874872597,6,0.005943621049557122
h4Um-uWeRuY,28/03/2026 | RRQ MidFeed | VN Vo dich !,MIDFEED TFT,2026-03-28 18:48:37+00:00,20,102839,1149,2,2026-03-29,39,0.011172804091832866,1.944787483347757e-05,18,0.011174896732973692
_CjgFzlSZ-s,"NGUOIBINHTHUONG - Pjnboys ft Lil Nhí ,Lizay ,Minh Huy (Prod.Quaycholang) | Audio Lyric",SeaFlows,2026-03-22 06:47:12+00:00,10,63429,1720,179,2026-03-29,87,0.027116933894590804,0.0028220530041463683,6,0.029947424473990635
JLDNXwgRuRU,Vodka Quang | Ngày trở lại chinh phục Vinícius WS +8 cực hiếm cùng loạt kèo bất ngờ với màn mở x10,Vodka Quang,2026-03-27 04:00:23+00:00,20,110669,1263,19,2026-03-29,98,0.011412409979307665,0.0001716831271629815,4,0.011551279123984032
7jrl0YbnRvI,KIỀU ANH ft. PHÁO - 'NHẢ VÍA' | Official MV,Kiều Anh ,2026-03-11 11:59:05+00:00,10,1467513,21978,2392,2026-03-29,43,0.014976357960713125,0.0016299685249806985,11,0.01660430784348208
__co6ps143s,GTA V # Lực Lượng Công An Bất Ngờ Kiểm Tra Quán Bar Trên Địa Bàn | Ngọc Lâm Gaming,Ngọc Lâm Gaming,2026-03-20 11:49:45+00:00,20,291217,1789,175,2026-03-29,82,0.006143185322285444,0.0006009264569032714,11,0.006741589626269791
n5_CMOiy_xk,Lập Nguyên StarboiZ - Gọi Em Là Vũ Trụ (Official Music Video),Lập Nguyên Official,2026-03-26 13:00:06+00:00,10,69208,6532,436,2026-03-29,61,0.0943821523523292,0.006299849728355103,13,0.10067673747488959
s3asKo4oK3s,🕹️ Liên Minh Anh Hùng 🦸‍♂️⚡ #tiktok​​ #douyin​​ #minecraft #LongKaEntertainment,LONG KA ENTERTAINMENT,2026-03-25 03:00:55+00:00,20,149444,615,3,2026-03-29,79,0.004115253874360965,2.007440914322422e-05,3,0.004117917826556555
x5QGkER29J4,ANH SẼ VỀ - RHYDER | FOR MY FLASH 🧡⚡️,RHYDER OFFICIAL,2026-03-18 13:02:04+00:00,10,204772,16602,1887,2026-03-29,37,0.08107553767116597,0.009215127068153849,13,0.09030267897360506
fiacZcTFRmI,MỞ FULL 20 GÓI VŨ CÔNG SAMBA NHẬN CƠN MƯA SIÊU PHẨM BRAZIL | FC MOBILE VIỆT NAM 🇻🇳,Love FIFA Mobile,2026-03-28 09:00:46+00:00,22,120000,712,54,2026-03-29,82,0.005933333333333333,0.00045,9,0.006382348450754649
q9CrRWUivaQ,PHÁO - NO CHASE ft. RICHIE D.ICY [Prod. KRISS NGO] (Official Music Video),Pháo Northside,2026-03-28 13:08:00+00:00,10,95000,5130,213,2026-03-29,73,0.054,0.0022421052631578947,13,0.056283408803808645
9pvKhjUb4i0,AH - Trải nghiệm Đội tuyển VIỆT NAM trong FC MOBILE,ANHHAO VN,2026-03-24 10:01:29+00:00,24,326301,1451,112,2026-03-29,51,0.004446814444332074,0.00034324136303596987,10,0.004786187908688
MkKHKHMevmc,"VŨ TRỤ SONG TẤU - buitruonglinh, Sơn.K, MAIQUINN, Muộii, Yeolan, Jaysonlei, Thái Ngân",Vie Channel - MUSIC,2026-03-19 13:31:37+00:00,10,264358,4969,366,2026-03-29,85,0.018796480530190122,0.0013844861891828505,13,0.020185901832487654
brOVRqffBxQ,Minecraft Nhưng Tôi Có Thể Sử Dụng Tất Cả Stand Siêu Bá Đạo 🤣,Hà ACC,2026-03-27 05:00:33+00:00,20,78265,478,14,2026-03-29,61,0.0061074554398517856,0.00017887944802913179,5,0.006296061846153308
AM8hQDPm0rU,QUANG ĐĂNG TRẦN - MỘT LẦN ĐAU ĐỚN | MV OFFICIAL | PHÚC NAM ,Quang Dang Tran,2026-03-23 13:00:07+00:00,10,99669,913,92,2026-03-29,59,0.009160320661389198,0.0009230553130863157,13,0.010074102616148937
xuN0NxwCYS8,JJ vs Cursed GIRL Truck - Maizen Minecraft Animation,MSToons,2026-03-25 17:01:30+00:00,20,2048148,7887,77,2026-03-29,52,0.0038507959385747515,3.7594939428205385e-05,17,0.003885447270403599
lH_9FpLpyyE,"LK Nhạc Không Lời Hay Nhất Thư Giãn Cả Ngày | Hòa Tấu Guitar Cổ Điển, Nhạc Cho Phòng Trà, Quán Cafe",Nhạc Phòng Trà ,2026-03-23 23:00:40+00:00,10,83041,574,29,2026-03-29,99,0.006912248166568322,0.0003492250815862044,23,0.007255407879285724
vzzy5kyoAbI,ZENO THỬ THÁCH CÓ FULL SÁCH TỪ LV 1 - 100 NGÀY LÀM ADMIN PHÁ ĐẢO TITAN FISHING,Noob Zeno,2026-03-27 04:00:54+00:00,20,89735,1128,67,2026-03-29,78,0.012570346018833231,0.0007466428929626121,4,0.013325363254255065
i6RN2DRh8Wk,Trạng Thái Mộng Mơ - Đỗ Hoàng Long x Quanvrox「Lofi Ver.」/ Official Lyrics Video,Quanvrox Music,2026-03-26 00:00:48+00:00,10,40227,181,2,2026-03-29,79,0.004499465533099659,4.971785119447138e-05,0,0.004550418047091553
8wJJTdJ8Azw,Noxuss CÁCH KIẾM VÔ HẠN EGG CANDY VÀ GIẢI ĐỐ TOÀN BỘ TRỨNG Trong Blox Fruits Easter Event,Noxuss Gaming,2026-03-28 16:22:51+00:00,20,45709,704,73,2026-03-29,89,0.015401780830908573,0.0015970596600231902,16,0.017000556087245752
E6XBENQ3aZk,'BẮC BLING' MINECRAFT M/V | HOÀ MINZY ft. NS XUÂN HINH x MASEW x TUẤN CRY,RelaxFilming,2026-03-15 13:05:36+00:00,24,559000,0,47,2026-03-29,73,0.0,8.407871198568873e-05,13,0.00010130249003600423
D3_aXf6btyI,Trực Tiếp | 4v4 Random | Spartacus Gaming vs Team VEC | BLV: Hải MariO | Ngày: 24/03/2026,ChimSeDiNang AOE,2026-03-24 15:55:46+00:00,20,120117,612,0,2026-03-29,89,0.005095032343465121,0.0,15,0.0050996348146656
OzmgH0sUAp0,"Live Show Bolero Hải Ngoại 2026 Nhiều Ca Sĩ ""THIỆP HỒNG ANH VIẾT TÊN EM"" Đêm Nhạc Trữ Tình Hay Nhất",Quang Lê Official,2026-03-26 15:14:49+00:00,10,81419,271,10,2026-03-29,99,0.003328461415640084,0.00012282145445166362,15,0.0034616867279222622
